{
  "max_gain_kmh": 4.975689599999997,
  "max_loss_kmh": -15.083920799999987,
  "avg_delta_kmh": -3.062571600231392,
  "problem_zone_40pct": {
    "lap_pct": 0.4,
    "delta_kmh": -0.8954423999999961,
    "x_m": 62.68130717557417,
    "y_m": 223.22794585703946
  },
  "problem_zone_0pct": {
    "lap_pct": 0.0,
    "delta_kmh": -0.5732819999999947,
    "x_m": -11.230026375789008,
    "y_m": -208.3647185931943
  },
  "gain_zone_10pct": {
    "lap_pct": 0.1,
    "delta_kmh": -0.03602519999998038,
    "x_m": -266.68357557803233,
    "y_m": 8.123817625448169
  },
  "gain_zone_50pct": {
    "lap_pct": 0.5,
    "delta_kmh": -8.707741200000003,
    "x_m": 129.53111485519372,
    "y_m": 160.39812628048253
  }
}