{
  "lap_summary": {
    "current_samples": 5186,
    "reference_samples": 5058,
    "interpolated_points": 1000
  },
  "speed": {
    "current_top": 51.00065788058114,
    "reference_top": 51.325144752590475,
    "top_diff": -0.3244868720093379,
    "current_avg": 35.733412288285095,
    "reference_avg": 36.55038226429728,
    "avg_diff": -0.8169699760121887,
    "max_gain": 1.366121727648931,
    "max_loss": -4.1668341944649825,
    "gain_distance_pct": 0.8378378378378378,
    "loss_distance_pct": 0.07607607607607608
  },
  "braking": {
    "current_max_pressure": 0.8792505289913451,
    "reference_max_pressure": 0.8883544152466186,
    "current_braking_pct": 18.7,
    "reference_braking_pct": 17.2,
    "braking_time_diff_pct": 1.5,
    "current_brake_zones": 8,
    "reference_brake_zones": 9
  },
  "throttle": {
    "current_full_throttle_pct": 58.5,
    "reference_full_throttle_pct": 63.5,
    "full_throttle_diff_pct": -5.0,
    "current_avg_throttle": 0.6833566097774373,
    "reference_avg_throttle": 0.7046592778848082,
    "avg_throttle_diff": -0.021302668107370915
  },
  "cornering": {
    "current_max_braking_g": -1.4488790514451548,
    "reference_max_braking_g": -1.61385646032478,
    "braking_g_diff": 0.1649774088796252,
    "current_max_accel_g": 0.9270203910182385,
    "reference_max_accel_g": 0.8298374585510595,
    "accel_g_diff": 0.09718293246717902,
    "current_long_g_smoothness": 0.40214562900685075,
    "reference_long_g_smoothness": 0.4111291420629034,
    "current_max_lat_g": 3.0251109716829805,
    "reference_max_lat_g": 2.158442541630087,
    "lat_g_diff": 0.8666684300528935,
    "current_avg_lat_g": 0.7020424773311191,
    "reference_avg_lat_g": 0.7319153071668411,
    "avg_lat_g_diff": -0.029872829835721926,
    "current_lat_g_smoothness": 0.6222349994556831,
    "reference_lat_g_smoothness": 0.6596392337937133,
    "lat_g_smoothness_diff": -0.037404234338030196,
    "max_lat_g_gain": 1.426745457780119,
    "max_lat_g_loss": -1.1651422585951257,
    "max_lat_g_gain_distance_pct": 0.13313313313313313,
    "max_lat_g_loss_distance_pct": 0.22122122122122123,
    "current_max_total_g": 3.0451905293417822,
    "reference_max_total_g": 2.1726112707767142,
    "max_total_g_diff": 0.872579258565068,
    "current_avg_total_g": 0.8543974469943635,
    "reference_avg_total_g": 0.8901649263901622
  },
  "distance_comparison": [
    {
      "distance_pct": 0.0,
      "current_speed": 46.778553,
      "reference_speed": 46.937798,
      "speed_diff": -0.15924499999999853,
      "current_brake": 0.0,
      "reference_brake": 0.0,
      "current_throttle": 1.0,
      "reference_throttle": 1.0,
      "current_lat_g": 0.04940276860346585,
      "reference_lat_g": 0.09600560244648318,
      "lat_g_diff": -0.046602833843017326,
      "current_long_g": 0.1669902854230377,
      "reference_long_g": 0.15229011213047908,
      "long_g_diff": 0.014700173292558627,
      "current_steering": 0.004358139,
      "reference_steering": 0.0033892887
    },
    {
      "distance_pct": 0.1,
      "current_speed": 34.055458415408566,
      "reference_speed": 33.871654497893985,
      "speed_diff": 0.18380391751458092,
      "current_brake": 0.0,
      "reference_brake": 0.0,
      "current_throttle": 1.0,
      "reference_throttle": 0.8523126541077072,
      "current_lat_g": 0.8450805299294005,
      "reference_lat_g": 0.8710223661656603,
      "lat_g_diff": -0.025941836236259785,
      "current_long_g": 0.12189199546410005,
      "reference_long_g": 0.2709215599747483,
      "long_g_diff": -0.14902956451064825,
      "current_steering": 0.09826872975192699,
      "reference_steering": 0.027352345213882214
    },
    {
      "distance_pct": 0.2,
      "current_speed": 35.01791037570218,
      "reference_speed": 36.25558613724233,
      "speed_diff": -1.237675761540153,
      "current_brake": 0.570599493955735,
      "reference_brake": 0.28761554537439005,
      "current_throttle": 0.0,
      "reference_throttle": 0.0,
      "current_lat_g": 0.5396141350194477,
      "reference_lat_g": 1.0074220555150601,
      "lat_g_diff": -0.4678079204956125,
      "current_long_g": -0.9373171183143442,
      "reference_long_g": -0.5680594705314648,
      "long_g_diff": -0.3692576477828794,
      "current_steering": 0.18917975568267087,
      "reference_steering": 0.19226609708424583
    },
    {
      "distance_pct": 0.3,
      "current_speed": 37.02240246276148,
      "reference_speed": 37.72531345540302,
      "speed_diff": -0.7029109926415416,
      "current_brake": 0.0,
      "reference_brake": 0.0,
      "current_throttle": 1.0,
      "reference_throttle": 1.0,
      "current_lat_g": 0.35330043356433344,
      "reference_lat_g": 0.5020669254512573,
      "lat_g_diff": -0.14876649188692387,
      "current_long_g": 0.23948419842200336,
      "reference_long_g": 0.45922610194658625,
      "long_g_diff": -0.2197419035245829,
      "current_steering": 0.017096035483197516,
      "reference_steering": 0.08348698840068962
    },
    {
      "distance_pct": 0.4,
      "current_speed": 35.740200082275095,
      "reference_speed": 39.493109195236585,
      "speed_diff": -3.7529091129614898,
      "current_brake": 0.0,
      "reference_brake": 0.0,
      "current_throttle": 0.8814715122814205,
      "reference_throttle": 1.0,
      "current_lat_g": 1.6164862138605087,
      "reference_lat_g": 1.2162276198675679,
      "lat_g_diff": 0.40025859399294084,
      "current_long_g": 0.32946077094784687,
      "reference_long_g": 0.2425877184195663,
      "long_g_diff": 0.08687305252828056,
      "current_steering": 0.3602458089774006,
      "reference_steering": 0.24287367725925255
    },
    {
      "distance_pct": 0.5,
      "current_speed": 23.190761309812803,
      "reference_speed": 24.91064656907632,
      "speed_diff": -1.719885259263517,
      "current_brake": 0.0,
      "reference_brake": 0.0,
      "current_throttle": 1.0,
      "reference_throttle": 1.0,
      "current_lat_g": 0.9727007886448936,
      "reference_lat_g": 0.9533522433009516,
      "lat_g_diff": 0.019348545343942036,
      "current_long_g": 0.48940619562883797,
      "reference_long_g": 0.46431531156509925,
      "long_g_diff": 0.025090884063738716,
      "current_steering": 0.45468403323701745,
      "reference_steering": 0.35543097729318746
    },
    {
      "distance_pct": 0.6,
      "current_speed": 26.13473528069558,
      "reference_speed": 26.226448683845856,
      "speed_diff": -0.09171340315027621,
      "current_brake": 0.0,
      "reference_brake": 0.0,
      "current_throttle": 1.0,
      "reference_throttle": 1.0,
      "current_lat_g": 0.6309928830013645,
      "reference_lat_g": 1.2078962576162313,
      "lat_g_diff": -0.5769033746148668,
      "current_long_g": 0.9270203910182385,
      "reference_long_g": 0.5800468351964341,
      "long_g_diff": 0.34697355582180445,
      "current_steering": 0.289705670331948,
      "reference_steering": 0.2838876692770878
    },
    {
      "distance_pct": 0.7,
      "current_speed": 24.514106206230142,
      "reference_speed": 26.697127090826648,
      "speed_diff": -2.1830208845965053,
      "current_brake": 0.030263314,
      "reference_brake": 0.051805068180043,
      "current_throttle": 0.0,
      "reference_throttle": 0.0,
      "current_lat_g": 1.3979886694533161,
      "reference_lat_g": 1.4687677096154435,
      "lat_g_diff": -0.07077904016212733,
      "current_long_g": -0.22498422968091533,
      "reference_long_g": -0.2109963144482881,
      "long_g_diff": -0.01398791523262724,
      "current_steering": 0.6323730045970555,
      "reference_steering": 0.34826929318345345
    },
    {
      "distance_pct": 0.8,
      "current_speed": 43.5214073936189,
      "reference_speed": 44.70268847202911,
      "speed_diff": -1.1812810784102084,
      "current_brake": 0.0,
      "reference_brake": 0.0,
      "current_throttle": 1.0,
      "reference_throttle": 1.0,
      "current_lat_g": 0.021627138743509747,
      "reference_lat_g": 0.06011511444928679,