{
  "max_gain_kmh": 8.28843120000001,
  "max_loss_kmh": -8.215354799999993,
  "avg_delta_kmh": -0.8119799411261848,
  "problem_zone_40pct": {
    "lap_pct": 0.4,
    "delta_kmh": -2.783613600000004,
    "x_m": -142.95272959657993,
    "y_m": 78.71196016806607
  },
  "problem_zone_0pct": {
    "lap_pct": 0.0,
    "delta_kmh": -1.4248439999999931,
    "x_m": 149.93969382494353,
    "y_m": 82.73893648624465
  },
  "gain_zone_10pct": {
    "lap_pct": 0.1,
    "delta_kmh": 3.7903392000000027,
    "x_m": 125.91020890539194,
    "y_m": -302.70177304777576
  },
  "gain_zone_50pct": {
    "lap_pct": 0.5,
    "delta_kmh": -4.470933599999998,
    "x_m": 10.381138199566944,
    "y_m": -152.7742930778274
  }
}