{
  "lap_summary": {
    "current_samples": 5335,
    "reference_samples": 5314,
    "interpolated_points": 1000
  },
  "speed": {
    "current_top": 55.0059462982109,
    "reference_top": 54.82583831373418,
    "top_diff": 0.18010798447672016,
    "current_avg": 37.61843715451511,
    "reference_avg": 37.76345165808271,
    "avg_diff": -0.1450145035676016,
    "max_gain": 2.8316638690526723,
    "max_loss": -4.251132668565742,
    "gain_distance_pct": 0.8878878878878879,
    "loss_distance_pct": 0.5345345345345345
  },
  "braking": {
    "current_max_pressure": 0.8413534233935687,
    "reference_max_pressure": 0.948860138675131,
    "current_braking_pct": 18.099999999999998,
    "reference_braking_pct": 17.7,
    "braking_time_diff_pct": 0.4,
    "current_brake_zones": 9,
    "reference_brake_zones": 8
  },
  "throttle": {
    "current_full_throttle_pct": 60.3,
    "reference_full_throttle_pct": 59.199999999999996,
    "full_throttle_diff_pct": 1.0999999999999999,
    "current_avg_throttle": 0.7115639378645942,
    "reference_avg_throttle": 0.676159378371134,
    "avg_throttle_diff": 0.03540455949346011
  },
  "cornering": {
    "current_max_braking_g": -1.4942256672605823,
    "reference_max_braking_g": -1.6876330402260245,
    "braking_g_diff": 0.1934073729654422,
    "current_max_accel_g": 0.696155823128096,
    "reference_max_accel_g": 0.933227468610982,
    "accel_g_diff": -0.23707164548288606,
    "current_long_g_smoothness": 0.35781710312199094,
    "reference_long_g_smoothness": 0.3450523996557303,
    "current_max_lat_g": 2.3713144938751136,
    "reference_max_lat_g": 2.5939753165728447,
    "lat_g_diff": -0.22266082269773113,
    "current_avg_lat_g": 0.7874727009680139,
    "reference_avg_lat_g": 0.8114292147210633,
    "avg_lat_g_diff": -0.023956513753049413,
    "current_lat_g_smoothness": 0.6168773089327724,
    "reference_lat_g_smoothness": 0.6294401464626589,
    "lat_g_smoothness_diff": -0.012562837529886517,
    "max_lat_g_gain": 1.7249180386793401,
    "max_lat_g_loss": -1.7732287271888563,
    "max_lat_g_gain_distance_pct": 0.12212212212212212,
    "max_lat_g_loss_distance_pct": 0.4924924924924925,
    "current_max_total_g": 2.3755085369300626,
    "reference_max_total_g": 2.646635108309438,
    "max_total_g_diff": -0.27112657137937557,
    "current_avg_total_g": 0.9020033261408785,
    "reference_avg_total_g": 0.9144116050650227
  },
  "distance_comparison": [
    {
      "distance_pct": 0.0,
      "current_speed": 46.432728,
      "reference_speed": 46.235012,
      "speed_diff": 0.19771599999999978,
      "current_brake": 0.0,
      "reference_brake": 0.0,
      "current_throttle": 1.0,
      "reference_throttle": 1.0,
      "current_lat_g": 0.014744600407747195,
      "reference_lat_g": 0.056672895005096834,
      "lat_g_diff": -0.04192829459734964,
      "current_long_g": 0.1675910499490316,
      "reference_long_g": 0.1704507645259939,
      "long_g_diff": -0.0028597145769622967,
      "current_steering": 0.00058086053,
      "reference_steering": 0.0037772777
    },
    {
      "distance_pct": 0.1,
      "current_speed": 40.71975475818364,
      "reference_speed": 42.514883904255555,
      "speed_diff": -1.7951291460719148,
      "current_brake": 0.8167547818689712,
      "reference_brake": 0.9169735485951526,
      "current_throttle": 0.4472566775799423,
      "reference_throttle": 0.03500493152227538,
      "current_lat_g": 0.25116513019407954,
      "reference_lat_g": 0.20361279964505277,
      "lat_g_diff": 0.04755233054902677,
      "current_long_g": -1.2295469022792322,
      "reference_long_g": -1.6876330402260245,
      "long_g_diff": 0.4580861379467922,
      "current_steering": 0.0258169751384516,
      "reference_steering": 0.05186332958969891
    },
    {
      "distance_pct": 0.2,
      "current_speed": 36.99924026152171,
      "reference_speed": 37.08279362556435,
      "speed_diff": -0.08355336404263625,
      "current_brake": 0.0,
      "reference_brake": 0.0,
      "current_throttle": 1.0,
      "reference_throttle": 1.0,
      "current_lat_g": 1.0127827598608061,
      "reference_lat_g": 0.7988653446624538,
      "lat_g_diff": 0.21391741519835228,
      "current_long_g": 0.2817823514265977,
      "reference_long_g": 0.2790408833500126,
      "long_g_diff": 0.0027414680765850963,
      "current_steering": 0.17574943885528677,
      "reference_steering": 0.1307353541880677
    },
    {
      "distance_pct": 0.3,
      "current_speed": 50.98863844630359,
      "reference_speed": 50.927855387522804,
      "speed_diff": 0.06078305878078538,
      "current_brake": 0.0,
      "reference_brake": 0.0,
      "current_throttle": 1.0,
      "reference_throttle": 1.0,
      "current_lat_g": 0.03561405363404603,
      "reference_lat_g": 0.16269219485759792,
      "lat_g_diff": -0.12707814122355188,
      "current_long_g": 0.047124336085153304,
      "reference_long_g": 0.03569995638538237,
      "long_g_diff": 0.011424379699770934,
      "current_steering": 0.005713157717115651,
      "reference_steering": 0.02832955409002373
    },
    {
      "distance_pct": 0.4,
      "current_speed": 38.223264451238286,
      "reference_speed": 38.956636432084544,
      "speed_diff": -0.7333719808462575,
      "current_brake": 0.07805474792970786,
      "reference_brake": 0.03297249396253223,
      "current_throttle": 0.040653199997736277,
      "reference_throttle": 0.0,
      "current_lat_g": 1.6730924845205657,
      "reference_lat_g": 1.5512688950477123,
      "lat_g_diff": 0.12182358947285343,
      "current_long_g": -0.22139057530807585,
      "reference_long_g": -0.19900631395918572,
      "long_g_diff": -0.022384261348890128,
      "current_steering": 0.36525390608224373,
      "reference_steering": 0.26825695317136594
    },
    {
      "distance_pct": 0.5,
      "current_speed": 35.38801536903608,
      "reference_speed": 34.34618131138442,
      "speed_diff": 1.0418340576516627,
      "current_brake": 0.0,
      "reference_brake": 0.0,
      "current_throttle": 1.0,
      "reference_throttle": 1.0,
      "current_lat_g": 0.8410907914630982,
      "reference_lat_g": 0.7836283139974757,
      "lat_g_diff": 0.0574624774656225,
      "current_long_g": 0.34467382385168815,
      "reference_long_g": 0.357600046178221,
      "long_g_diff": -0.012926222326532844,
      "current_steering": 0.11667253018853557,
      "reference_steering": 0.1335101127120806
    },
    {
      "distance_pct": 0.6,
      "current_speed": 33.295369994857545,
      "reference_speed": 33.30258561001338,
      "speed_diff": -0.007215615155836019,
      "current_brake": 0.0,
      "reference_brake": 0.0,
      "current_throttle": 1.0,
      "reference_throttle": 1.0,
      "current_lat_g": 0.5389158859014552,
      "reference_lat_g": 0.8093492353688543,
      "lat_g_diff": -0.27043334946739905,
      "current_long_g": 0.33920779449983873,
      "reference_long_g": 0.34761048817614887,
      "long_g_diff": -0.008402693676310136,
      "current_steering": 0.0131091692657598,
      "reference_steering": 0.14754737787961958
    },
    {
      "distance_pct": 0.7,
      "current_speed": 22.184151942487635,
      "reference_speed": 22.62877474065575,
      "speed_diff": -0.44462279816811545,
      "current_brake": 0.0,
      "reference_brake": 0.0,
      "current_throttle": 0.07518657077278922,
      "reference_throttle": 0.000118067201396518,
      "current_lat_g": 1.827540249409352,
      "reference_lat_g": 1.7995857831076618,
      "lat_g_diff": 0.027954466301690184,
      "current_long_g": -0.18616509892574898,
      "reference_long_g": -0.21414582083243644,
      "long_g_diff": 0.02798072190668746,
      "current_steering": 1.5162211141488022,
      "reference_steering": 1.234796825403417
    },
    {
      "distance_pct": 0.8,
      "current_speed": 28.08389054509975,
      "reference_speed": 28.729381515065626,
      "speed_diff": -0.6454909699658771,
      "current_brake": 0.0,
      "reference_brake": 0.0,
      "current_throttle": 1.0,