{
  "lap_summary": {
    "current_samples": 5401,
    "reference_samples": 5311,
    "interpolated_points": 1000
  },
  "speed": {
    "current_top": 52.665163835454685,
    "reference_top": 55.2641685629627,
    "top_diff": -2.5990047275080173,
    "current_avg": 36.80002560358663,
    "reference_avg": 37.758424536740435,
    "avg_diff": -0.9583989331538021,
    "max_gain": 2.0341343939762417,
    "max_loss": -4.395995909570438,
    "gain_distance_pct": 0.5445445445445445,
    "loss_distance_pct": 0.3533533533533533
  },
  "braking": {
    "current_max_pressure": 0.7481234,
    "reference_max_pressure": 0.7616450526834462,
    "current_braking_pct": 14.499999999999998,
    "reference_braking_pct": 20.0,
    "braking_time_diff_pct": -5.5,
    "current_brake_zones": 6,
    "reference_brake_zones": 6
  },
  "throttle": {
    "current_full_throttle_pct": 60.4,
    "reference_full_throttle_pct": 61.0,
    "full_throttle_diff_pct": -0.6,
    "current_avg_throttle": 0.6831982403440326,
    "reference_avg_throttle": 0.6793415636075018,
    "avg_throttle_diff": 0.003856676736530895
  },
  "cornering": {
    "current_max_braking_g": -1.4692667710679221,
    "reference_max_braking_g": -1.43675084720538,
    "braking_g_diff": -0.032515923862542095,
    "current_max_accel_g": 0.6650198254888953,
    "reference_max_accel_g": 0.9211744075638539,
    "accel_g_diff": -0.25615458207495867,
    "current_long_g_smoothness": 0.352796797711798,
    "reference_long_g_smoothness": 0.3719328964712317,
    "current_max_lat_g": 2.089021379469053,
    "reference_max_lat_g": 2.435254396732094,
    "lat_g_diff": -0.346233017263041,
    "current_avg_lat_g": 0.7749110334340378,
    "reference_avg_lat_g": 0.7826265730392447,
    "avg_lat_g_diff": -0.007715539605206878,
    "current_lat_g_smoothness": 0.5904870273758754,
    "reference_lat_g_smoothness": 0.6253896076525903,
    "lat_g_smoothness_diff": -0.03490258027671489,
    "max_lat_g_gain": 0.9794310755380349,
    "max_lat_g_loss": -0.8941417040990043,
    "max_lat_g_gain_distance_pct": 0.12112112112112113,
    "max_lat_g_loss_distance_pct": 0.14114114114114115,
    "current_max_total_g": 2.0990788355184344,
    "reference_max_total_g": 2.440884614820789,
    "max_total_g_diff": -0.34180577930235456,
    "current_avg_total_g": 0.8784622398157842,
    "reference_avg_total_g": 0.9036678328492208
  },
  "distance_comparison": [
    {
      "distance_pct": 0.0,
      "current_speed": 45.276356,
      "reference_speed": 46.864315,
      "speed_diff": -1.587958999999998,
      "current_brake": 0.0,
      "reference_brake": 0.0,
      "current_throttle": 1.0,
      "reference_throttle": 1.0,
      "current_lat_g": 0.011020257900101936,
      "reference_lat_g": 0.0076486839959225275,
      "lat_g_diff": 0.0033715739041794085,
      "current_long_g": 0.14382750254841997,
      "reference_long_g": 0.165362874617737,
      "long_g_diff": -0.02153537206931702,
      "current_steering": 0.009587006,
      "reference_steering": 0.010168989
    },
    {
      "distance_pct": 0.1,
      "current_speed": 40.66964476317508,
      "reference_speed": 40.90465348031944,
      "speed_diff": -0.23500871714436045,
      "current_brake": 0.7290339719723956,
      "reference_brake": 0.6881640843218233,
      "current_throttle": 0.0,
      "reference_throttle": 0.05053635825947819,
      "current_lat_g": 0.06020036742954036,
      "reference_lat_g": 0.004237451319806885,
      "lat_g_diff": 0.055962916109733474,
      "current_long_g": -1.1638334512564266,
      "reference_long_g": -1.1420945334731272,
      "long_g_diff": -0.021738917783299394,
      "current_steering": 0.04752941515606636,
      "reference_steering": 0.019212946359267964
    },
    {
      "distance_pct": 0.2,
      "current_speed": 36.65828301361545,
      "reference_speed": 37.37519645489509,
      "speed_diff": -0.7169134412796367,
      "current_brake": 0.0,
      "reference_brake": 0.0,
      "current_throttle": 1.0,
      "reference_throttle": 1.0,
      "current_lat_g": 0.6821967734081685,
      "reference_lat_g": 0.7892658785969406,
      "lat_g_diff": -0.1070691051887721,
      "current_long_g": 0.26625702285045455,
      "reference_long_g": 0.2783744201832458,
      "long_g_diff": -0.012117397332791269,
      "current_steering": 0.15423735659689652,
      "reference_steering": 0.14481555461940487
    },
    {
      "distance_pct": 0.3,
      "current_speed": 49.079886988973215,
      "reference_speed": 51.1771634297309,
      "speed_diff": -2.097276440757689,
      "current_brake": 0.0,
      "reference_brake": 0.0,
      "current_throttle": 1.0,
      "reference_throttle": 1.0,
      "current_lat_g": 0.04824887914972877,
      "reference_lat_g": 0.0032477705776757433,
      "lat_g_diff": 0.04500110857205303,
      "current_long_g": 0.011493759838516648,
      "reference_long_g": 0.044339017788919494,
      "long_g_diff": -0.03284525795040284,
      "current_steering": 0.006750189957672079,
      "reference_steering": 0.00913520206842417
    },
    {
      "distance_pct": 0.4,
      "current_speed": 36.86151002395104,
      "reference_speed": 38.92367193888484,
      "speed_diff": -2.062161914933796,
      "current_brake": 0.0,
      "reference_brake": 0.03286626572559124,
      "current_throttle": 0.0,
      "reference_throttle": 0.0,
      "current_lat_g": 1.1000562505653657,
      "reference_lat_g": 1.1815734530727726,
      "lat_g_diff": -0.0815172025074069,
      "current_long_g": -0.1905765026282888,
      "reference_long_g": -0.20927708403985815,
      "long_g_diff": 0.018700581411569356,
      "current_steering": 0.33354015511247787,
      "reference_steering": 0.2900654310952613
    },
    {
      "distance_pct": 0.5,
      "current_speed": 33.537790583796756,
      "reference_speed": 33.70250737658205,
      "speed_diff": -0.16471679278529194,
      "current_brake": 0.0,
      "reference_brake": 0.0,
      "current_throttle": 1.0,
      "reference_throttle": 1.0,
      "current_lat_g": 0.8221243354631833,
      "reference_lat_g": 0.5273934773729153,
      "lat_g_diff": 0.294730858090268,
      "current_long_g": 0.3269190410131901,
      "reference_long_g": 0.3329465747203809,
      "long_g_diff": -0.006027533707190835,
      "current_steering": 0.06451852947752305,
      "reference_steering": 0.050404151266359394
    },
    {
      "distance_pct": 0.6,
      "current_speed": 33.376883919770414,
      "reference_speed": 33.598273413969935,
      "speed_diff": -0.2213894941995207,
      "current_brake": 0.0,
      "reference_brake": 0.0,
      "current_throttle": 1.0,
      "reference_throttle": 1.0,
      "current_lat_g": 0.20850954183843506,
      "reference_lat_g": 0.47070046768034995,
      "lat_g_diff": -0.2621909258419149,
      "current_long_g": 0.34178815040629595,
      "reference_long_g": 0.3471572637476436,
      "long_g_diff": -0.005369113341347653,
      "current_steering": 0.03877270603890852,
      "reference_steering": 0.04222552594655653
    },
    {
      "distance_pct": 0.7,
      "current_speed": 22.8333506081804,
      "reference_speed": 23.082501738530215,
      "speed_diff": -0.24915113034981573,
      "current_brake": 0.0,
      "reference_brake": 0.022995352852540066,
      "current_throttle": 0.003430290185376097,
      "reference_throttle": 0.0,
      "current_lat_g": 1.7625166007869346,
      "reference_lat_g": 1.9295302175260671,
      "lat_g_diff": -0.1670136167391325,
      "current_long_g": -0.21527213545372056,
      "reference_long_g": -0.23252351357566842,
      "long_g_diff": 0.017251378121947852,
      "current_steering": 1.0066159763911104,
      "reference_steering": 0.9669189175969798
    },
    {
      "distance_pct": 0.8,
      "current_speed": 28.271435971467874,
      "reference_speed": 27.768046447321563,
      "speed_diff": 0.5033895241463107,
      "current_brake": 0.0,
      "reference_brake": 0.0,
      "current_throttle": 1.0,
      "reference_throttle": 0.9003649496677592,
      "current_lat_g": 1.232443644626875,